<?xml version="1.0" encoding="utf-8" ?>
<courseStructure xmlns="https://w3id.org/xapi/profiles/cmi5/v1/CourseStructure.xsd">
  <course id="http://Gg2FJ1VQ7DltyjGEquYqD8lPsyYAf2Bi_rise/course">
    <title>
      <langstring lang="en-US">Purpose</langstring>
    </title>
    <description>
      <langstring lang="en-US"></langstring>
    </description>
  </course>
  <objectives>
          <objective id="http://Gg2FJ1VQ7DltyjGEquYqD8lPsyYAf2Bi_rise/objective/ZP324tEuv5oltzHiWcw6rV_D2_i2tPJs">
        <title>
          <langstring lang="en-US">
            Defining Purpose 
          </langstring>
        </title>
        <description>
          <langstring lang="en-US">
            
          </langstring>
        </description>
      </objective>
      </objectives>
  
  <au id="http://Gg2FJ1VQ7DltyjGEquYqD8lPsyYAf2Bi_rise/activity" launchMethod="OwnWindow" moveOn="Completed"  >
    <title>
      <langstring lang="en">
        Purpose
      </langstring>
    </title>
    <description>
      <langstring lang="en">
        
      </langstring>
    </description>
    <objectives>
              <objective idref="http://Gg2FJ1VQ7DltyjGEquYqD8lPsyYAf2Bi_rise/objective/ZP324tEuv5oltzHiWcw6rV_D2_i2tPJs" />
          </objectives>
    <url>scormdriver/indexAPI.html</url>
    <launchParameters>eyJjcHYiOiJGejJSdUlqUiIsInJsZCI6ZmFsc2V9</launchParameters>
  </au>
</courseStructure>
